{"cameraMode":{"drawMode":0,"name":"Shaded","section":"Shading Mode"},"sceneLighting":true,"audioPlay":false,"sceneViewState":{"m_AlwaysRefresh":false,"showFog":true,"showSkybox":true,"showFlares":true,"showImageEffects":true,"showParticleSystems":true,"showVisualEffectGraphs":true,"m_FxEnabled":true},"in2DMode":false,"pivot":{"x":10.749832153320313,"y":0.15208224952220918,"z":-6.135064601898193},"rotation":{"x":-0.13403306901454926,"y":-0.8215761780738831,"z":0.2157534807920456,"w":-0.5103998780250549},"size":1.6760039329528809,"orthographic":false}